ID,Nome,Età,Città,Sesso,Reddito,Punteggio
1,Marco,34,Roma,M,32000.0,85.0
2,Luca,28,Milano,M,29000.0,78.0
3,Sara,25,Torino,F,31000.0,92.0
4,Anna,31,Napoli,F,28000.0,88.0
5,Giulia,27,Firenza,F,27000.0,80.0
6,Marco,34,Roma,M,32000.0,85.0
7,Paolo,45,Bologna,M,40000.0,70.0
8,Laura,29,Firenze,F,35000.0,90.0
9,Fancesco,33,Genova,M,31000.0,76.0
10,Chiara,30,Roma,F,33000.0,100.0
11,Luca,28,Milano,M,29000.0,78.0
12,Elena,26,Bari,F,40000.0,82.0
13,Francesco,40,Verona,M,41000.0,77.0
14,Sara,25,Torino,F,31000.0,92.0
15,Alessia,35,Milano,F,37000.0,89.0
16,Rosa,29,Napoli,F,28000.0,83.0
17,Roberto,38,Roma,M,39000.0,85.0
18,Paolo,45,Bologna,M,40000.0,70.0
19,Marco,34,Roma,M,32000.0,40.0
20,Simone,32,Genova,M,100000.0,79.0
21,Marta,24,Firenze,F,26000.0,88.0
22,Andrea,41,Verona,M,43000.0,81.0
23,Giulia,27,Napoli,F,27000.0,80.0
24,Lorenzo,29,Roma,M,30000.0,75.0
25,Elena,26,Bari,F,1000000.0,82.0
26,Sofia,23,Milano,F,25000.0,90.0
27,Francesco,40,Verona,M,41000.0,77.0
28,Chiara,30,Roma,F,33000.0,20.0
29,Luca,33,Genova,M,31000.0,76.0
30,Paolo,45,Bologna,M,40000.0,70.0
