vendite mensile,categorie
41,Elettronica
84,Moda
28,Casa
36,Giardinaggio
73,Sport
53,Musica
97,Libri
3,Film
18,Viaggi
40,Cucina
15,Salute
90,Bellezza
26,Tecnologia
14,Automobili
27,Finanza
96,Istruzione
74,Arte
56,Design
36,Fotografia
33,Musica classica
10,Elettronica
96,Moda
47,Casa
0,Giardinaggio
33,Sport
9,Musica
22,Libri
93,Film
8,Viaggi
9,Cucina
21,Salute
25,Bellezza
20,Tecnologia
28,Automobili
70,Finanza
75,Istruzione
87,Arte
89,Design
43,Fotografia
30,Musica classica
14,Giochi
26,Sport estremi
81,Cucina vegana
38,Moda sostenibile
74,Tecnologia wearable
80,Viaggi avventura
67,Fotografia di paesaggio
83,Musica elettronica
35,Arte contemporanea
0,Design di interni
79,Salute mentale
14,Fitness e benessere
65,Educazione online
64,Sviluppo personale
2,Economia circolare
